"Date","Price","Open","High","Low","Vol.","Change %"
"03/02/2025","271.42","269.35","272.67","269.07","77.08M","0.90%"
"02/23/2025","269.00","263.14","269.63","262.04","399.26M","2.11%"
"02/16/2025","263.43","261.13","265.49","260.99","296.74M","0.60%"
"02/09/2025","261.85","261.42","264.75","258.39","301.80M","0.34%"
"02/02/2025","260.97","255.25","262.83","252.76","312.36M","1.39%"
"01/26/2025","257.38","258.02","261.42","253.54","385.52M","-0.56%"
"01/19/2025","258.82","257.17","260.91","253.98","266.92M","1.12%"
"01/12/2025","255.96","244.69","257.81","244.28","331.20M","4.58%"
"01/05/2025","244.75","254.58","255.95","244.70","294.74M","-4.05%"
"12/29/2024","255.09","254.14","255.45","251.03","113.67M","0.67%"
"12/22/2024","253.40","251.65","256.39","251.02","173.84M","0.29%"
"12/15/2024","252.66","265.27","267.08","248.14","523.30M","-4.93%"
"12/08/2024","265.76","272.80","273.56","265.37","299.75M","-2.49%"
"12/01/2024","272.56","278.66","278.66","271.08","284.96M","-2.63%"
"11/24/2024","279.92","276.13","283.24","276.06","279.79M","1.90%"
"11/17/2024","274.70","266.95","275.16","266.91","259.13M","2.29%"
"11/10/2024","268.54","273.14","274.66","265.89","345.62M","-1.87%"
"11/03/2024","273.66","268.23","274.58","263.16","392.10M","2.49%"
"10/27/2024","267.02","277.74","279.22","266.91","361.07M","-3.13%"
"10/20/2024","275.66","278.79","281.66","273.14","279.87M","-1.57%"
"10/13/2024","280.05","271.43","280.62","270.94","276.41M","2.97%"
"10/06/2024","271.97","271.29","272.74","268.41","245.26M","-0.40%"
"09/29/2024","273.06","277.73","281.45","270.44","321.04M","-1.90%"
"09/22/2024","278.36","280.66","283.48","276.93","337.80M","-0.18%"
"09/15/2024","278.86","283.86","284.60","277.09","434.78M","-1.42%"
"09/08/2024","282.88","273.59","283.06","273.06","334.23M","3.42%"
"09/01/2024","273.53","271.21","277.09","271.00","259.29M","0.21%"
"08/25/2024","272.97","273.34","273.45","268.93","288.43M","0.41%"
"08/18/2024","271.85","262.52","272.10","262.39","248.73M","3.58%"
"08/11/2024","262.45","261.23","264.81","259.04","272.82M","-0.01%"
"08/04/2024","262.47","257.66","264.95","254.73","381.51M","-0.07%"
"07/28/2024","262.66","254.68","265.15","253.04","435.60M","3.10%"
"07/21/2024","254.76","255.13","258.56","249.98","310.55M","0.01%"
"07/14/2024","254.74","251.71","259.96","250.47","310.29M","1.34%"
"07/07/2024","251.36","241.15","253.00","239.18","315.02M","4.27%"
"06/30/2024","241.06","240.70","241.79","237.85","195.75M","-0.23%"
"06/23/2024","241.61","239.98","244.12","236.42","353.92M","0.77%"
"06/16/2024","239.77","238.68","240.92","237.72","322.66M","-0.45%"
"06/09/2024","240.86","236.73","243.78","235.71","303.79M","1.33%"
"06/02/2024","237.71","238.49","240.50","235.93","280.90M","-0.07%"
"05/26/2024","237.88","233.48","238.09","228.54","317.24M","2.27%"
"05/19/2024","232.61","241.08","242.10","232.38","243.16M","-3.76%"
"05/12/2024","241.70","236.22","243.07","234.71","298.10M","2.78%"
"05/05/2024","235.16","231.80","236.62","229.10","325.73M","2.12%"
"04/28/2024","230.28","228.02","233.65","224.14","424.20M","1.73%"
"04/21/2024","226.36","224.21","228.63","222.96","325.69M","1.23%"
"04/14/2024","223.61","232.71","233.04","221.47","337.41M","-3.47%"
"04/07/2024","231.65","239.13","243.86","230.75","332.46M","-2.87%"
"03/31/2024","238.50","246.03","246.05","236.05","292.27M","-3.05%"
"03/24/2024","246.00","240.76","246.37","238.21","269.47M","2.34%"
"03/17/2024","240.38","241.94","244.67","238.94","316.61M","-0.61%"
"03/10/2024","241.85","250.27","251.90","240.49","392.88M","-3.68%"
"03/03/2024","251.09","246.71","251.64","244.90","351.63M","1.60%"
"02/25/2024","247.13","241.63","247.25","238.18","476.06M","2.00%"
"02/18/2024","242.29","238.98","243.63","238.04","304.96M","0.90%"
"02/11/2024","240.14","241.56","242.70","232.40","376.32M","-0.34%"
"02/04/2024","240.95","236.96","241.23","234.99","351.48M","0.25%"
"01/28/2024","240.34","241.17","243.69","236.25","422.91M","-0.43%"
"01/21/2024","241.37","244.05","246.62","238.98","381.91M","-0.69%"
"01/14/2024","243.05","247.73","248.78","239.25","322.80M","-2.23%"
"01/07/2024","248.60","246.40","250.67","245.78","335.15M","0.64%"
"12/31/2023","247.01","250.32","253.78","244.80","262.24M","-1.57%"
"12/24/2023","250.96","249.41","254.02","249.38","216.53M","0.60%"
"12/17/2023","249.46","249.85","251.40","246.03","348.29M","0.25%"
"12/10/2023","248.84","235.97","253.74","235.63","547.46M","5.08%"
"12/03/2023","236.80","236.50","240.33","234.34","385.54M","-0.34%"
"11/26/2023","237.60","226.56","237.71","225.97","403.49M","4.85%"
"11/19/2023","226.62","224.10","227.50","222.39","193.12M","0.99%"
"11/12/2023","224.39","213.30","226.69","211.75","383.06M","4.43%"
"11/05/2023","214.88","219.11","219.52","212.24","344.51M","-2.29%"
"10/29/2023","219.92","204.09","223.22","200.70","495.30M","8.33%"
"10/22/2023","203.00","203.74","207.78","201.47","379.92M","-1.09%"
"10/15/2023","205.24","215.84","218.83","205.18","344.81M","-4.47%"
"10/08/2023","214.84","208.48","217.64","208.48","287.10M","2.49%"
"10/01/2023","209.62","212.91","213.83","204.25","350.64M","-1.79%"
"09/24/2023","213.43","215.81","216.60","209.90","353.19M","-1.59%"
"09/17/2023","216.87","229.41","229.61","216.62","291.55M","-5.54%"
"09/10/2023","229.60","228.92","230.92","225.85","346.24M","0.56%"
"09/03/2023","228.32","230.56","230.80","226.02","237.87M","-1.15%"
"08/27/2023","230.97","228.92","233.82","228.76","306.12M","1.30%"
"08/20/2023","228.00","225.85","231.52","222.64","287.42M","0.66%"
"08/13/2023","226.51","233.27","233.75","223.93","281.35M","-3.26%"
"08/06/2023","234.15","232.83","236.64","231.59","265.86M","0.89%"
"07/30/2023","232.09","238.22","240.73","231.21","386.20M","-2.39%"
"07/23/2023","237.78","241.40","245.69","237.47","321.36M","-1.33%"
"07/16/2023","240.99","242.11","242.53","235.84","331.20M","-0.63%"
"07/09/2023","242.52","235.58","243.24","235.34","286.26M","2.51%"
"07/02/2023","236.58","234.93","240.72","233.14","214.32M","0.29%"
"06/25/2023","235.90","224.40","236.97","224.40","370.86M","5.03%"
"06/18/2023","224.60","233.81","233.84","224.57","304.35M","-4.34%"
"06/11/2023","234.78","231.73","236.96","229.84","388.28M","1.27%"
"06/04/2023","231.83","230.33","235.21","228.54","274.75M","0.63%"
"05/28/2023","230.37","225.06","231.19","222.94","359.85M","3.10%"
"05/21/2023","223.45","226.95","229.54","219.31","286.68M","-1.39%"
"05/14/2023","226.59","233.04","233.48","225.29","289.32M","-2.63%"
"05/07/2023","232.70","233.98","235.70","230.04","265.22M","-0.96%"
"04/30/2023","234.95","236.16","237.18","228.44","318.98M","-0.78%"
"04/23/2023","236.79","234.09","237.44","228.37","294.32M","1.36%"
"04/16/2023","233.61","230.41","236.77","230.19","266.20M","1.59%"
"04/09/2023","229.95","232.09","238.30","228.30","283.46M","-1.51%"
"04/02/2023","233.47","234.26","236.14","230.56","269.34M","-0.70%"
"03/26/2023","235.11","225.04","235.19","220.62","319.54M","5.14%"
"03/19/2023","223.61","226.66","230.36","216.42","369.81M","-1.22%"
"03/12/2023","226.38","225.13","233.95","224.78","506.22M","0.08%"
"03/05/2023","226.20","243.99","244.35","225.49","320.28M","-7.00%"
"02/26/2023","243.23","242.13","243.69","234.19","368.33M","1.55%"
"02/19/2023","239.51","246.89","247.17","238.32","238.55M","-3.78%"
"02/12/2023","248.92","253.07","255.13","246.48","315.17M","-1.35%"
"02/05/2023","252.33","254.12","256.67","249.14","307.14M","-2.01%"
"01/29/2023","257.51","252.03","265.32","250.20","368.65M","1.50%"
"01/22/2023","253.70","246.47","254.72","242.89","272.39M","2.82%"
"01/15/2023","246.74","249.14","250.27","240.85","277.47M","-0.75%"
"01/08/2023","248.60","238.65","250.65","235.75","334.21M","4.39%"
"01/01/2023","238.14","234.59","240.56","230.29","316.45M","2.48%"
"12/25/2022","232.37","233.59","235.12","229.51","191.26M","-0.61%"
"12/18/2022","233.80","233.05","235.12","227.60","298.19M","-0.01%"
"12/11/2022","233.82","239.86","249.95","231.53","474.88M","-2.38%"
"12/04/2022","239.51","241.35","242.91","236.86","346.36M","-1.85%"
"11/27/2022","244.03","241.46","249.12","235.63","383.26M","0.43%"
"11/20/2022","242.98","237.64","243.10","237.00","175.47M","1.99%"
"11/13/2022","238.25","241.27","241.33","233.29","328.10M","-1.83%"
"11/06/2022","242.70","228.26","245.47","225.17","377.75M","7.07%"
"10/30/2022","226.67","228.46","233.62","219.70","431.45M","-1.78%"
"10/23/2022","230.77","219.20","231.42","215.51","407.76M","6.17%"
"10/16/2022","217.36","215.75","225.35","212.94","377.41M","2.79%"
"10/09/2022","211.45","217.68","220.11","207.86","394.25M","-2.36%"
"10/02/2022","216.56","229.39","235.80","215.27","396.29M","-4.15%"
"09/25/2022","225.94","233.63","233.63","222.41","540.25M","-3.95%"
"09/18/2022","235.22","249.04","250.92","232.64","392.85M","-6.44%"
"09/11/2022","251.42","269.68","271.58","248.46","395.95M","-6.48%"
"09/04/2022","268.83","259.30","269.88","258.05","234.74M","4.13%"
"08/28/2022","258.16","266.87","269.15","257.58","292.84M","-3.94%"
"08/21/2022","268.76","277.12","277.29","268.58","249.26M","-3.83%"
"08/14/2022","279.45","284.94","287.00","278.66","260.50M","-1.94%"
"08/07/2022","284.97","276.55","285.14","274.32","267.08M","4.10%"
"07/31/2022","273.75","276.41","276.85","269.85","313.65M","-1.35%"
"07/24/2022","277.49","264.73","278.78","263.41","334.98M","4.86%"
"07/17/2022","264.62","258.38","266.01","253.29","274.22M","3.02%"
"07/10/2022","256.87","257.25","259.29","250.72","290.87M","-0.45%"
"07/03/2022","258.02","257.95","262.52","253.15","221.21M","-0.96%"
"06/26/2022","260.53","261.49","264.38","252.28","344.30M","-0.55%"
"06/19/2022","261.97","245.78","262.23","245.21","382.42M","7.71%"
"06/12/2022","243.21","250.61","251.30","240.64","621.80M","-5.40%"
"06/05/2022","257.10","276.04","276.47","257.04","323.79M","-6.15%"
"05/29/2022","273.96","277.54","278.31","268.13","297.91M","-2.23%"
"05/22/2022","280.20","267.39","280.24","263.34","321.64M","5.82%"
"05/15/2022","264.80","269.27","270.21","260.48","330.04M","-1.76%"
"05/08/2022","269.54","277.13","277.21","258.86","403.95M","-3.87%"
"05/01/2022","280.38","292.85","293.10","277.38","337.36M","-3.78%"
"04/24/2022","291.38","308.79","309.05","291.06","316.88M","-5.66%"
"04/17/2022","308.86","304.85","318.72","302.78","260.53M","1.24%"
"04/10/2022","305.08","310.96","311.59","304.34","187.19M","-1.86%"
"04/03/2022","310.87","308.93","312.81","304.97","245.39M","0.76%"
"03/27/2022","308.54","296.09","308.69","295.66","289.73M","4.43%"
"03/20/2022","295.45","294.55","295.91","289.04","250.03M","0.35%"
"03/13/2022","294.41","287.80","295.64","283.39","327.44M","2.69%"
"03/06/2022","286.69","291.14","292.74","283.86","291.20M","-1.80%"
"02/27/2022","291.94","283.62","291.99","279.14","399.43M","1.72%"
"02/20/2022","287.00","279.43","287.17","269.62","279.09M","2.69%"
"02/13/2022","279.47","284.87","286.14","278.87","328.01M","-1.80%"
"02/06/2022","284.60","293.07","297.12","282.96","309.85M","-2.76%"
"01/30/2022","292.68","292.45","300.32","290.45","300.99M","-0.22%"
"01/23/2022","293.34","291.47","298.80","281.03","350.47M","-0.21%"
"01/16/2022","293.96","300.35","303.84","293.23","234.49M","-2.85%"
"01/09/2022","302.59","306.48","309.31","299.19","242.06M","-1.98%"
"01/02/2022","308.70","325.43","325.43","306.47","289.60M","-4.94%"
"12/26/2021","324.75","314.05","326.97","313.65","158.68M","3.69%"
"12/19/2021","313.20","307.99","314.90","306.32","179.86M","0.50%"
"12/12/2021","311.65","305.82","315.23","304.65","346.62M","1.61%"
"12/05/2021","306.72","300.83","310.18","300.66","255.54M","2.74%"
"11/28/2021","298.54","300.32","304.39","291.89","365.66M","0.06%"
"11/21/2021","298.36","301.26","307.07","298.11","173.34M","-0.87%"
"11/14/2021","300.97","300.66","303.37","296.37","275.25M","-0.06%"
"11/07/2021","301.14","301.99","303.28","298.60","196.11M","-0.04%"
"10/31/2021","301.26","299.27","305.01","294.64","261.53M","0.81%"
"10/24/2021","298.83","298.03","302.44","296.25","295.72M","0.30%"
"10/17/2021","297.94","287.56","298.65","287.29","207.49M","3.22%"
"10/10/2021","288.65","278.73","291.16","277.27","229.26M","3.52%"
"10/03/2021","278.84","280.15","285.72","274.82","233.70M","-0.77%"
"09/26/2021","280.99","286.93","288.64","277.69","266.58M","-2.23%"
"09/19/2021","287.40","289.28","293.91","286.50","262.38M","-1.51%"
"09/12/2021","291.80","294.81","296.52","291.45","289.70M","-0.25%"
"09/05/2021","292.52","303.37","303.45","292.42","200.63M","-3.89%"
"08/29/2021","304.36","292.76","304.80","292.38","273.97M","3.99%"
"08/22/2021","292.67","294.07","294.47","289.02","221.78M","-0.34%"
"08/15/2021","293.68","291.82","294.90","288.18","238.96M","0.55%"
"08/08/2021","292.08","291.75","292.10","287.49","223.52M","0.01%"
"08/01/2021","292.06","291.33","293.77","289.01","289.42M","0.70%"
"07/25/2021","290.04","288.50","293.47","286.90","253.32M","0.27%"
"07/18/2021","289.26","286.38","290.59","282.26","274.33M","0.10%"
"07/11/2021","288.98","287.12","290.99","284.90","247.25M","0.65%"
"07/04/2021","287.10","279.26","287.24","277.86","246.35M","2.64%"
"06/27/2021","279.72","280.25","281.44","276.25","272.87M","0.00%"
"06/20/2021","279.71","277.27","282.04","276.38","265.60M","1.30%"
"06/13/2021","276.12","283.20","284.81","276.08","335.53M","-2.64%"
"06/06/2021","283.61","278.70","285.93","278.61","269.22M","1.95%"
"05/30/2021","278.18","271.16","278.97","270.32","234.15M","3.04%"
"05/23/2021","269.98","265.64","270.92","265.54","302.60M","2.09%"
"05/16/2021","264.46","261.96","265.71","258.07","278.92M","0.91%"
"05/09/2021","262.08","265.86","268.12","256.17","280.89M","-0.99%"
"05/02/2021","264.70","267.44","267.51","259.22","310.40M","-0.88%"
"04/25/2021","267.06","265.24","267.53","263.47","296.10M","1.14%"
"04/18/2021","264.05","258.95","264.76","257.26","266.54M","2.04%"
"04/11/2021","258.78","252.73","259.58","250.54","266.85M","2.62%"
"04/04/2021","252.17","251.74","254.49","249.97","269.46M","0.51%"
"03/28/2021","250.90","248.75","251.04","245.78","217.54M","0.41%"
"03/21/2021","249.87","239.62","250.06","239.03","290.22M","4.23%"
"03/14/2021","239.73","242.18","246.10","239.72","365.30M","-1.02%"
"03/07/2021","242.19","229.86","242.25","228.14","329.90M","5.71%"
"02/28/2021","229.11","235.05","236.43","223.24","369.83M","-1.36%"
"02/21/2021","232.26","236.46","241.95","232.25","404.19M","-2.01%"
"02/14/2021","237.03","239.44","239.44","234.86","259.18M","-0.77%"
"02/07/2021","238.88","236.17","240.98","234.70","284.68M","1.13%"
"01/31/2021","236.22","230.03","236.85","227.58","307.75M","3.16%"
"01/24/2021","228.98","229.55","234.61","227.54","436.19M","-0.15%"
"01/17/2021","229.33","227.39","230.40","224.31","245.62M","1.38%"
"01/10/2021","226.20","221.09","226.70","215.81","326.38M","1.86%"
"01/03/2021","222.08","228.39","228.65","218.04","355.63M","-2.55%"
"12/27/2020","227.90","224.65","228.06","223.40","160.01M","1.78%"
"12/20/2020","223.92","221.58","226.10","220.61","190.13M","-0.31%"
"12/13/2020","224.62","225.35","228.94","221.78","654.91M","0.21%"
"12/06/2020","224.15","230.06","230.99","221.70","343.29M","-2.88%"
"11/29/2020","230.80","227.45","230.92","224.72","397.92M","1.38%"
"11/22/2020","227.66","229.74","231.13","226.29","267.95M","-0.37%"
"11/15/2020","228.51","236.10","236.42","226.89","402.12M","-1.59%"
"11/08/2020","232.20","233.06","241.70","225.61","588.57M","5.19%"
"11/01/2020","220.74","213.85","224.75","212.57","379.76M","4.39%"
"10/25/2020","211.46","219.14","219.58","209.00","351.68M","-4.22%"
"10/18/2020","220.77","224.55","224.68","218.98","261.87M","-1.29%"
"10/11/2020","223.66","229.51","230.57","222.14","253.26M","-2.31%"
"10/04/2020","228.95","226.43","230.99","222.57","302.53M","1.37%"
"09/27/2020","225.85","218.97","226.60","216.44","325.19M","4.87%"
"09/20/2020","215.36","217.41","218.34","209.75","365.49M","-2.14%"
"09/13/2020","220.08","221.41","231.82","219.61","404.43M","-0.14%"
"09/06/2020","220.38","223.01","227.00","218.63","271.84M","-1.81%"
"08/30/2020","224.44","225.88","230.38","220.73","324.11M","-0.91%"
"08/23/2020","226.49","221.93","226.50","219.57","259.97M","1.90%"
"08/16/2020","222.26","222.03","224.67","218.13","269.01M","0.02%"
"08/09/2020","222.22","227.17","228.06","220.97","312.83M","-1.82%"
"08/02/2020","226.33","223.38","226.54","220.75","350.92M","0.67%"
"07/26/2020","224.82","215.42","227.08","213.83","403.38M","4.10%"
"07/19/2020","215.96","217.82","218.67","213.66","314.78M","-0.65%"
"07/12/2020","217.37","217.73","219.26","213.51","323.66M","0.02%"
"07/05/2020","217.32","225.28","225.53","213.52","340.26M","-1.76%"
"06/28/2020","221.21","211.45","225.36","208.87","308.15M","5.61%"
"06/21/2020","209.45","217.17","219.89","206.84","475.24M","-3.97%"
"06/14/2020","218.11","213.57","229.65","213.55","591.84M","-0.77%"
"06/07/2020","219.81","232.00","234.35","213.07","494.81M","-4.18%"
"05/31/2020","229.41","214.21","230.88","213.89","535.40M","7.07%"
"05/24/2020","214.27","209.51","216.12","206.50","503.54M","5.83%"
"05/17/2020","202.46","198.87","202.77","196.65","435.24M","5.59%"
"05/10/2020","191.75","204.62","207.34","186.14","574.04M","-7.26%"
"05/03/2020","206.76","202.35","207.77","199.13","410.90M","1.46%"
"04/26/2020","203.79","206.94","217.21","202.61","453.28M","-0.63%"
"04/19/2020","205.08","211.07","211.07","200.80","385.43M","-4.35%"
"04/12/2020","214.41","218.78","219.28","206.35","409.78M","-2.76%"
"04/05/2020","220.50","189.97","223.08","189.55","449.71M","21.22%"
"03/29/2020","181.90","196.53","199.75","176.87","563.25M","-6.15%"
"03/22/2020","193.83","166.37","198.54","154.86","634.56M","15.41%"
"03/15/2020","167.95","208.52","208.52","166.41","778.18M","-22.99%"
"03/08/2020","218.08","229.93","232.64","197.16","680.67M","-8.57%"
"03/01/2020","238.52","228.87","248.50","228.56","472.22M","4.75%"
"02/23/2020","227.70","257.00","259.04","221.33","502.02M","-12.33%"
"02/16/2020","259.71","259.50","260.21","255.35","250.86M","0.00%"
"02/09/2020","259.71","248.67","259.71","248.45","264.57M","4.81%"
"02/02/2020","247.78","244.46","248.37","243.56","270.27M","1.71%"
"01/26/2020","243.62","246.50","248.83","242.91","304.02M","-1.83%"
"01/19/2020","248.17","245.96","249.54","245.36","196.26M","1.01%"
"01/12/2020","245.70","240.11","246.61","240.11","262.26M","2.46%"
"01/05/2020","239.80","238.69","240.03","235.21","253.16M","0.31%"
"12/29/2019","239.06","238.56","241.09","235.84","197.16M","-0.02%"
"12/22/2019","239.11","238.31","239.28","236.12","103.79M","0.52%"
"12/15/2019","237.88","232.33","238.68","230.38","408.33M","2.66%"
"12/08/2019","231.71","238.00","238.80","229.60","300.52M","-2.56%"
"12/01/2019","237.79","238.09","238.81","234.24","264.94M","-0.27%"
"11/24/2019","238.43","235.77","240.36","235.11","239.73M","1.37%"
"11/17/2019","235.20","238.36","240.38","234.24","243.36M","-1.22%"
"11/10/2019","238.11","233.37","238.11","232.07","252.24M","1.93%"
"11/03/2019","233.61","241.94","241.94","233.05","311.18M","-3.67%"
"10/27/2019","242.52","243.58","244.66","240.09","333.78M","-0.72%"
"10/20/2019","244.29","247.06","249.51","243.79","232.37M","-1.11%"
"10/13/2019","247.02","242.82","247.46","241.27","217.98M","1.80%"
"10/06/2019","242.66","243.19","244.79","240.98","227.56M","-0.60%"
"09/29/2019","244.12","243.36","244.77","238.44","267.53M","0.37%"
"09/22/2019","243.22","242.02","245.71","241.37","249.89M","0.16%"
"09/15/2019","242.82","238.19","244.52","237.70","309.55M","2.06%"
"09/08/2019","237.93","245.74","245.74","237.18","321.75M","-3.24%"
"09/01/2019","245.89","242.06","247.91","241.88","215.92M","1.42%"
"08/25/2019","242.44","239.34","243.16","238.58","217.95M","1.80%"
"08/18/2019","238.16","239.92","242.92","237.36","216.76M","-0.29%"
"08/11/2019","238.85","237.92","239.42","233.98","241.86M","0.28%"
"08/04/2019","238.18","233.16","238.94","226.70","295.30M","1.76%"
"07/28/2019","234.05","230.17","235.39","229.94","296.06M","2.05%"
"07/21/2019","229.35","227.94","230.40","226.67","217.49M","0.74%"
"07/14/2019","227.67","233.51","234.78","227.57","211.94M","-2.29%"
"07/07/2019","233.00","233.38","237.23","232.12","231.36M","-0.20%"
"06/30/2019","233.46","229.10","234.85","224.69","176.83M","2.44%"
"06/23/2019","227.91","235.05","235.30","224.82","303.81M","-2.73%"
"06/16/2019","234.31","232.82","237.72","232.77","337.75M","0.89%"
"06/09/2019","232.25","231.37","233.11","229.03","","0.55%"
"06/02/2019","230.98","225.75","232.43","222.93","","2.62%"
"05/26/2019","225.08","227.77","228.39","221.14","","-0.85%"
"05/19/2019","227.00","225.73","228.41","221.89","","0.27%"
"05/12/2019","226.39","221.80","227.55","221.42","","1.36%"
"05/05/2019","223.35","223.80","224.63","218.23","","-0.72%"
"04/28/2019","224.97","222.51","225.68","219.10","","0.97%"
"04/21/2019","222.81","219.34","222.95","215.58","","1.34%"
"04/14/2019","219.86","227.07","227.21","217.39","","-3.21%"
"04/07/2019","227.15","226.42","227.16","224.08","","0.30%"
"03/31/2019","226.47","224.56","226.62","221.59","","0.94%"
"03/24/2019","224.36","222.22","224.90","221.29","","0.99%"
"03/17/2019","222.16","220.33","225.25","216.93","","0.92%"
"03/10/2019","220.13","216.07","221.50","216.07","","2.17%"
"03/03/2019","215.45","215.24","217.09","212.84","","0.46%"
"02/24/2019","214.47","217.71","217.79","211.95","","-1.23%"
"02/17/2019","217.15","216.76","218.02","213.54","","0.17%"
"02/10/2019","216.78","214.44","216.83","212.57","","1.06%"
"02/03/2019","214.50","211.26","215.03","209.69","","1.39%"
"01/27/2019","211.56","205.17","213.84","204.46","","2.88%"
"01/20/2019","205.63","202.47","205.63","200.66","","1.50%"
"01/13/2019","202.59","198.01","202.80","196.97","","2.10%"
"01/06/2019","198.42","191.20","198.45","190.95","","3.97%"
"12/30/2018","190.84","192.52","192.64","186.85","","-0.76%"
"12/23/2018","192.30","192.19","193.99","183.74","","-0.14%"
"12/16/2018","192.56","205.77","206.16","192.41","","-6.37%"
"12/09/2018","205.65","209.56","210.42","204.42","","-1.81%"
"12/02/2018","209.45","209.58","212.65","204.09","","0.27%"
"11/25/2018","208.88","204.15","208.94","202.72","","2.74%"
"11/18/2018","203.30","206.35","208.23","202.20","","-1.46%"
"11/11/2018","206.31","204.61","206.79","201.57","","0.83%"
"11/04/2018","204.62","197.98","205.11","197.98","","3.65%"
"10/28/2018","197.42","196.04","202.57","195.24","","1.37%"
"10/21/2018","194.76","196.92","200.93","192.74","","-1.02%"
"10/14/2018","196.77","190.44","197.44","190.25","","3.22%"
"10/07/2018","190.64","196.55","200.15","189.53","","-2.91%"
"09/30/2018","196.35","201.97","202.24","194.71","","-2.73%"
"09/23/2018","201.86","204.89","205.01","198.87","","-1.73%"
"09/16/2018","205.41","206.11","207.56","203.40","","-0.39%"
"09/09/2018","206.22","206.62","208.63","204.93","","0.16%"
"09/02/2018","205.90","208.24","208.86","205.18","","-1.23%"
"08/26/2018","208.46","206.99","209.69","205.37","","0.86%"
"08/19/2018","206.69","209.21","210.19","205.06","","-1.08%"
"08/12/2018","208.94","203.11","208.95","202.56","","2.90%"
"08/05/2018","203.05","206.71","207.65","202.93","","-1.85%"
"07/29/2018","206.87","200.22","207.13","198.74","","3.31%"
"07/22/2018","200.24","200.50","203.05","198.38","","-0.15%"
"07/15/2018","200.55","203.15","203.33","199.47","","-1.56%"
"07/08/2018","203.72","205.47","205.47","202.59","","-0.84%"
"07/01/2018","205.44","201.60","205.87","198.56","","1.75%"
"06/24/2018","201.90","199.81","202.92","198.20","","1.06%"
"06/17/2018","199.79","194.70","200.02","193.59","","2.46%"
"06/10/2018","195.00","197.33","198.66","193.48","","-1.20%"
"06/03/2018","197.36","195.67","197.76","194.96","","1.14%"
"05/27/2018","195.13","191.49","195.73","190.85","","1.67%"
"05/20/2018","191.92","188.67","192.74","187.31","","2.00%"
"05/13/2018","188.15","194.35","194.53","187.36","","-3.21%"
"05/06/2018","194.38","193.32","196.11","191.40","","0.64%"
"04/29/2018","193.15","190.86","193.71","190.04","","0.96%"
"04/22/2018","191.32","186.94","191.94","185.38","","2.56%"
"04/15/2018","186.55","189.04","192.93","186.28","","-1.04%"
"04/08/2018","188.51","191.19","192.31","187.05","","-1.22%"
"04/01/2018","190.83","192.13","193.60","188.37","","-0.64%"
"03/25/2018","192.05","187.51","192.99","186.52","","3.19%"
"03/18/2018","186.12","193.31","193.31","185.66","","-3.82%"
"03/11/2018","193.51","191.08","193.78","190.89","","1.28%"
"03/04/2018","191.07","183.47","191.07","183.35","","3.68%"
"02/25/2018","184.29","189.81","190.27","182.70","","-2.71%"
"02/18/2018","189.43","188.72","190.48","184.10","","-0.01%"
"02/11/2018","189.44","187.11","190.23","182.07","","1.75%"
"02/04/2018","186.19","193.40","195.42","180.54","","-4.11%"
"01/28/2018","194.17","198.88","200.56","192.82","","-2.46%"
"01/21/2018","199.06","194.87","199.60","194.59","","2.27%"
"01/14/2018","194.65","193.48","197.10","192.97","","0.84%"
"01/07/2018","193.02","200.01","201.43","192.52","","-3.46%"
"12/31/2017","199.93","204.22","204.27","199.31","","-1.93%"
"12/24/2017","203.86","201.35","204.55","201.01","","1.27%"
"12/17/2017","201.31","206.47","207.68","199.63","","-2.28%"
"12/10/2017","206.01","204.30","207.13","203.64","","0.82%"
"12/03/2017","204.33","206.72","207.17","202.15","","-0.95%"
"11/26/2017","206.29","207.56","207.63","204.48","","-0.49%"
"11/19/2017","207.31","206.76","207.70","205.91","","0.29%"
"11/12/2017","206.71","209.08","209.65","206.59","","-0.85%"
"11/05/2017","208.49","202.72","209.49","202.72","","3.21%"
"10/29/2017","202.00","198.74","203.35","198.61","","1.60%"
"10/22/2017","198.81","202.26","202.43","196.73","","-1.62%"
"10/15/2017","202.08","203.67","203.87","201.32","","-0.81%"
"10/08/2017","203.72","200.13","204.29","199.76","","1.77%"
"10/01/2017","200.18","199.41","201.34","197.85","","0.49%"
"09/24/2017","199.20","198.68","200.08","197.23","","0.28%"
"09/17/2017","198.64","204.48","204.80","198.40","","-2.83%"
"09/10/2017","204.43","204.73","205.98","201.42","","0.01%"
"09/03/2017","204.41","202.90","205.18","201.42","","0.78%"
"08/27/2017","202.82","202.23","203.64","199.96","","0.41%"
"08/20/2017","202.00","197.66","202.88","197.39","","2.26%"
"08/13/2017","197.53","198.01","201.19","197.04","","0.15%"
"08/06/2017","197.23","201.19","201.42","196.43","","-1.93%"
"07/30/2017","201.11","201.52","202.91","199.87","","-0.18%"
"07/23/2017","201.48","200.44","202.38","198.93","","0.53%"
"07/16/2017","200.42","198.81","201.18","198.38","","0.75%"
"07/09/2017","198.92","196.28","199.13","192.80","","1.49%"
"07/02/2017","196.00","199.73","201.19","194.58","","-1.51%"
"06/25/2017","199.01","201.63","203.18","198.51","","-1.01%"
"06/18/2017","201.05","200.98","201.88","199.05","","0.15%"
"06/11/2017","200.75","197.48","201.58","196.91","","1.35%"
"06/04/2017","198.07","198.38","198.54","195.51","","-0.30%"
"05/28/2017","198.67","197.13","198.92","195.42","","0.77%"
"05/21/2017","197.16","195.79","199.23","195.54","","0.70%"
"05/14/2017","195.79","193.28","196.72","192.63","","1.23%"
"05/07/2017","193.42","196.15","196.29","192.67","","-1.26%"
"04/30/2017","195.88","195.76","197.43","192.27","","0.26%"
"04/23/2017","195.37","200.56","200.63","194.52","","-2.04%"
"04/16/2017","199.44","198.42","201.27","198.42","","0.69%"
"04/09/2017","198.08","196.61","199.32","196.44","","0.73%"
"04/02/2017","196.65","195.40","197.40","194.44","","0.63%"
"03/26/2017","195.41","193.25","195.90","191.50","","0.78%"
"03/19/2017","193.89","192.77","195.31","191.08","","0.72%"
"03/12/2017","192.50","189.42","193.47","188.28","","1.69%"
"03/05/2017","189.31","195.82","196.03","188.30","","-3.62%"
"02/26/2017","196.43","198.23","199.66","194.69","","-0.80%"
"02/19/2017","198.01","193.86","198.05","193.50","","2.15%"
"02/12/2017","193.85","193.50","194.69","190.86","","0.37%"
"02/05/2017","193.13","190.97","193.30","189.47","","0.99%"
"01/29/2017","191.23","189.11","191.75","187.78","","0.95%"
"01/22/2017","189.43","191.20","193.07","188.79","","-0.96%"
"01/15/2017","191.27","190.14","192.63","189.64","","0.70%"
"01/08/2017","189.94","194.39","194.41","188.12","","-2.25%"
"01/01/2017","194.31","191.29","195.20","189.59","","2.14%"
"12/25/2016","190.23","188.18","190.70","186.38","","1.17%"
"12/18/2016","188.03","189.64","191.80","186.05","","-0.36%"
"12/11/2016","188.70","188.96","192.14","185.98","","-0.29%"
"12/04/2016","189.25","182.75","191.01","181.92","","3.70%"
"11/27/2016","182.49","183.68","186.56","179.69","","-0.69%"
"11/20/2016","183.76","182.03","184.66","180.95","","1.25%"
"11/13/2016","181.50","180.57","186.46","178.50","","0.32%"
"11/06/2016","180.92","185.13","188.23","177.96","","-1.38%"
"10/30/2016","183.45","187.81","189.79","181.67","","-1.90%"
"10/23/2016","187.00","194.24","195.83","186.00","","-3.40%"
"10/16/2016","193.58","192.88","195.01","192.29","","0.54%"
"10/09/2016","192.54","190.56","194.40","189.00","","1.20%"
"10/02/2016","190.26","200.25","200.25","187.98","","-5.25%"
"09/25/2016","200.81","204.08","205.38","200.80","","-1.83%"
"09/18/2016","204.56","196.86","205.41","195.60","","4.25%"
"09/11/2016","196.22","197.22","201.14","194.63","","-0.79%"
"09/04/2016","197.79","206.18","208.52","197.79","","-3.87%"
"08/28/2016","205.76","203.20","207.91","202.90","","1.48%"
"08/21/2016","202.76","203.91","206.42","201.56","","-0.48%"
"08/14/2016","203.74","207.90","208.43","203.11","","-2.00%"
"08/07/2016","207.90","208.53","210.52","206.42","","-0.31%"
"07/31/2016","208.55","212.62","213.74","207.81","","-1.92%"
"07/24/2016","212.64","212.96","213.72","208.05","","-0.05%"
"07/17/2016","212.74","209.93","213.32","209.00","","1.41%"
"07/10/2016","209.79","209.22","211.42","207.93","","0.41%"
"07/03/2016","208.94","206.48","208.97","204.74","","1.12%"
"06/26/2016","206.62","196.64","208.10","195.05","","4.61%"
"06/19/2016","197.51","199.30","200.80","196.48","","-0.21%"
"06/12/2016","197.93","196.26","198.53","194.91","","0.79%"
"06/05/2016","196.38","196.30","197.28","194.24","","0.07%"
"05/29/2016","196.24","195.48","197.35","193.63","","0.47%"
"05/22/2016","195.32","192.02","196.13","191.40","","1.83%"
"05/15/2016","191.81","196.64","198.75","189.51","","-2.41%"
"05/08/2016","196.54","200.15","202.34","195.97","","-1.74%"
"05/01/2016","200.03","193.02","200.09","193.02","","3.83%"
"04/24/2016","192.65","193.35","196.24","190.90","","-0.50%"
"04/17/2016","193.61","196.42","197.93","190.86","","-1.53%"
"04/10/2016","196.61","197.14","198.07","194.95","","-0.16%"
"04/03/2016","196.93","197.72","198.31","194.95","","-0.32%"
"03/27/2016","197.56","191.87","198.01","191.57","","3.13%"
"03/20/2016","191.57","193.60","194.33","189.96","","-1.18%"
"03/13/2016","193.86","189.63","195.19","188.45","","2.11%"
"03/06/2016","189.86","185.53","189.92","183.29","","1.99%"
"02/28/2016","186.16","179.19","186.40","178.81","","3.91%"
"02/21/2016","179.15","175.86","180.41","174.94","","2.33%"
"02/14/2016","175.07","169.12","175.98","168.92","","4.02%"
"02/07/2016","168.30","175.12","175.12","164.66","","-4.16%"
"01/31/2016","175.61","180.68","183.13","175.37","","-3.21%"
"01/24/2016","181.44","181.05","183.15","177.25","","0.18%"
"01/17/2016","181.12","179.91","182.00","171.64","","1.11%"
"01/10/2016","179.14","184.63","186.37","177.89","","-2.66%"
"01/03/2016","184.03","189.02","192.10","183.78","","-3.25%"
"12/27/2015","190.22","189.82","193.07","189.28","","0.05%"
"12/20/2015","190.12","186.64","190.84","185.90","","2.33%"
"12/13/2015","185.80","183.39","190.34","182.35","","1.36%"
"12/06/2015","183.30","186.90","187.74","182.08","","-2.14%"
"11/29/2015","187.30","188.85","190.10","182.95","","-0.73%"
"11/22/2015","188.68","187.85","189.21","185.38","","0.47%"
"11/15/2015","187.79","180.07","187.89","179.65","","4.28%"
"11/08/2015","180.09","183.76","184.27","180.02","","-2.18%"
"11/01/2015","184.10","189.08","193.39","182.76","","-2.57%"
"10/25/2015","188.95","189.86","191.42","187.30","","-0.44%"
"10/18/2015","189.78","187.10","192.36","187.05","","1.32%"
"10/11/2015","187.31","184.71","187.45","182.54","","1.49%"
"10/04/2015","184.56","179.47","185.16","179.47","","3.00%"
"09/27/2015","179.18","175.71","179.18","171.90","","1.64%"
"09/20/2015","176.29","177.17","178.91","173.83","","-0.36%"
"09/13/2015","176.92","172.43","180.43","171.04","","2.71%"
"09/06/2015","172.26","170.55","173.41","169.04","","1.91%"
"08/30/2015","169.03","177.31","177.31","168.02","","-4.73%"
"08/23/2015","177.42","182.66","182.68","169.27","","-3.02%"
"08/16/2015","182.94","187.66","189.51","182.94","","-2.55%"
"08/09/2015","187.72","185.31","187.80","183.90","","1.59%"
"08/02/2015","184.78","183.59","185.57","181.39","","0.63%"
"07/26/2015","183.62","181.86","185.12","181.82","","0.92%"
"07/19/2015","181.94","181.48","182.83","180.17","","0.16%"
"07/12/2015","181.65","180.93","182.76","179.54","","0.77%"
"07/05/2015","180.27","176.68","181.47","176.58","","1.70%"
"06/28/2015","177.25","176.64","179.02","173.66","","0.30%"
"06/21/2015","176.72","181.36","182.15","175.15","","-2.45%"
"06/14/2015","181.15","178.46","183.87","177.32","","1.39%"
"06/07/2015","178.66","178.52","179.64","176.46","","0.16%"
"05/31/2015","178.37","182.95","185.18","178.05","","-2.39%"
"05/24/2015","182.74","184.55","185.64","182.40","","-1.09%"
"05/17/2015","184.76","186.87","187.28","183.60","","-1.34%"
"05/10/2015","187.26","186.22","187.64","181.37","","0.41%"
"05/03/2015","186.49","185.57","188.29","180.17","","0.65%"
"04/26/2015","185.28","190.98","192.14","182.94","","-2.86%"
"04/19/2015","190.73","189.81","191.97","189.41","","0.55%"
"04/12/2015","189.68","190.43","191.35","188.62","","-0.35%"
"04/05/2015","190.35","194.74","197.32","189.88","","-2.21%"
"03/29/2015","194.65","193.39","195.91","192.08","","0.82%"
"03/22/2015","193.06","198.47","199.73","192.05","","-2.75%"
"03/15/2015","198.51","189.38","198.70","189.38","","5.02%"
"03/08/2015","189.03","186.47","190.08","186.23","","1.51%"
"03/01/2015","186.21","192.81","195.26","185.90","","-3.35%"
"02/22/2015","192.67","195.32","196.60","190.61","","-1.31%"
"02/15/2015","195.23","196.23","197.90","192.93","","-0.56%"
"02/08/2015","196.33","196.29","197.63","194.35","","-0.04%"
"02/01/2015","196.41","198.84","202.12","195.11","","-1.19%"
"01/25/2015","198.78","202.64","205.56","198.78","","-1.98%"
"01/18/2015","202.79","201.11","203.57","198.03","","1.06%"
"01/11/2015","200.67","197.37","200.91","196.37","","1.80%"
"01/04/2015","197.13","190.34","197.91","189.43","","3.47%"
"12/28/2014","190.51","190.66","192.13","187.69","","-0.13%"
"12/21/2014","190.76","188.99","192.71","188.99","","1.04%"
"12/14/2014","188.80","185.90","189.85","182.57","","1.62%"
"12/07/2014","185.79","186.00","188.45","185.77","","-0.01%"
"11/30/2014","185.80","186.96","188.31","184.71","","-0.68%"
"11/23/2014","187.08","184.11","188.83","184.02","","1.70%"
"11/16/2014","183.95","180.97","183.98","180.96","","1.64%"
"11/09/2014","180.99","181.40","182.85","180.54","","-0.29%"
"11/02/2014","181.52","181.15","183.38","180.94","","0.16%"
"10/26/2014","181.23","177.38","181.40","176.98","","2.16%"
"10/19/2014","177.39","172.08","177.83","171.87","","3.03%"
"10/12/2014","172.17","170.02","173.40","168.75","","1.29%"
"10/05/2014","169.98","167.96","171.91","166.50","","1.37%"
"09/28/2014","167.68","166.57","167.93","165.36","","0.43%"
"09/21/2014","166.96","168.31","168.31","164.84","","-0.92%"
"09/14/2014","168.51","168.67","171.08","167.49","","-0.13%"
"09/07/2014","168.73","177.73","178.07","167.83","","-5.11%"
"08/31/2014","177.81","176.09","177.87","175.37","","1.03%"
"08/24/2014","175.99","175.46","176.06","174.48","","0.48%"
"08/17/2014","175.15","173.94","177.17","173.94","","0.89%"
"08/10/2014","173.61","171.23","174.48","171.18","","1.47%"
"08/03/2014","171.10","170.23","171.61","168.95","","0.55%"
"07/27/2014","170.17","172.34","174.23","170.12","","-1.26%"
"07/20/2014","172.34","173.05","174.11","172.24","","-0.61%"
"07/13/2014","173.40","171.28","173.44","170.92","","1.34%"
"07/06/2014","171.11","169.27","171.64","169.11","","1.02%"
"06/29/2014","169.39","169.95","170.40","168.30","","-0.29%"
"06/22/2014","169.89","169.32","170.08","168.64","","0.29%"
"06/15/2014","169.40","167.37","169.45","165.53","","1.19%"
"06/08/2014","167.40","171.31","171.89","165.86","","-2.45%"
"06/01/2014","171.60","169.96","172.39","168.72","","0.98%"
"05/25/2014","169.94","168.49","170.02","167.45","","0.93%"
"05/18/2014","168.37","169.30","169.30","167.05","","-0.61%"
"05/11/2014","169.40","168.85","170.05","166.73","","0.43%"
"05/04/2014","168.68","166.01","169.43","165.46","","1.47%"
"04/27/2014","166.24","163.24","167.01","162.54","","2.09%"
"04/20/2014","162.83","162.44","163.69","161.86","","0.31%"
"04/13/2014","162.32","159.35","162.94","158.88","","2.15%"
"04/06/2014","158.90","160.51","162.33","158.87","","-1.01%"
"03/30/2014","160.52","159.00","161.33","157.98","","1.26%"
"03/23/2014","158.53","157.70","158.90","155.55","","0.55%"
"03/16/2014","157.66","158.29","159.71","154.90","","-0.18%"
"03/09/2014","157.94","158.27","158.96","157.00","","-0.28%"
"03/02/2014","158.39","158.61","160.95","157.50","","-0.34%"
"02/23/2014","158.93","157.84","159.66","157.13","","0.78%"
"02/16/2014","157.70","157.75","159.76","156.83","","-0.03%"
"02/09/2014","157.74","154.55","158.00","154.20","","2.07%"
"02/02/2014","154.54","153.18","154.60","150.40","","0.85%"
"01/26/2014","153.24","150.37","153.90","149.14","","1.93%"
"01/19/2014","150.34","153.25","154.95","150.27","","-1.63%"
"01/12/2014","152.83","152.50","153.73","151.04","","0.12%"
"01/05/2014","152.65","149.53","152.78","149.03","","2.26%"
"12/29/2013","149.28","149.17","150.01","147.59","","0.10%"
"12/22/2013","149.13","149.37","150.20","148.24","","0.11%"
"12/15/2013","148.97","146.39","149.99","145.41","","1.79%"
"12/08/2013","146.35","149.38","150.68","145.46","","-1.90%"
"12/01/2013","149.19","147.56","149.22","145.33","","1.13%"
"11/24/2013","147.53","148.73","149.48","147.51","","-0.77%"
"11/17/2013","148.67","152.20","152.58","147.94","","-2.32%"
"11/10/2013","152.20","150.90","152.51","148.63","","0.88%"
"11/03/2013","150.87","156.54","156.85","148.51","","-3.56%"
"10/27/2013","156.44","160.35","160.45","154.57","","-2.51%"
"10/20/2013","160.47","157.78","160.61","156.27","","1.66%"
"10/13/2013","157.85","153.01","159.17","151.99","","2.81%"
"10/06/2013","153.54","148.79","153.55","147.96","","2.87%"
"09/29/2013","149.25","151.26","153.38","148.17","","-1.74%"
"09/22/2013","151.90","153.17","154.16","150.53","","-1.00%"
"09/15/2013","153.44","150.24","158.58","149.83","","2.31%"
"09/08/2013","149.98","147.39","151.66","147.31","","1.90%"
"09/01/2013","147.18","145.94","148.32","143.30","","1.17%"
"08/25/2013","145.48","147.60","147.87","144.63","","-1.38%"
"08/18/2013","147.52","143.42","147.55","142.12","","2.78%"
"08/11/2013","143.53","153.11","153.11","143.39","","-6.41%"
"08/04/2013","153.36","153.60","154.18","151.14","","-0.20%"
"07/28/2013","153.67","159.04","159.48","153.57","","-3.49%"
"07/21/2013","159.22","162.13","162.74","157.46","","-1.73%"
"07/14/2013","162.03","160.47","162.28","159.72","","0.87%"
"07/07/2013","160.64","154.75","161.59","154.59","","3.91%"
"06/30/2013","154.60","155.50","156.78","151.36","","-0.41%"
"06/23/2013","155.23","149.43","156.47","145.86","","3.66%"
"06/16/2013","149.75","158.34","159.87","146.28","","-5.17%"
"06/09/2013","157.91","159.82","160.08","152.79","","-1.19%"
"06/02/2013","159.81","159.36","161.08","155.76","","0.17%"
"05/26/2013","159.54","169.05","170.68","159.52","","-5.36%"
"05/19/2013","168.57","174.35","177.60","166.68","","-3.32%"
"05/12/2013","174.36","170.95","174.39","170.62","","1.96%"
"05/05/2013","171.00","170.21","172.00","170.15","","0.43%"
"04/28/2013","170.26","168.03","171.16","167.70","","1.52%"
"04/21/2013","167.71","167.61","169.31","166.40","","0.17%"
"04/14/2013","167.43","167.33","167.49","163.90","","-0.13%"
"04/07/2013","167.65","162.98","167.98","162.35","","2.87%"
"03/31/2013","162.98","159.15","163.03","158.62","","2.32%"
"03/24/2013","159.29","157.59","159.37","156.92","","1.27%"
"03/17/2013","157.30","157.10","157.55","155.02","","-0.27%"
"03/10/2013","157.72","157.14","158.30","156.54","","0.29%"
"03/03/2013","157.27","156.88","159.76","156.34","","0.15%"
"02/24/2013","157.04","157.60","158.09","154.10","","-0.11%"
"02/17/2013","157.22","157.33","158.43","155.27","","0.04%"
"02/10/2013","157.16","157.03","158.31","156.30","","0.08%"
"02/03/2013","157.03","155.77","157.08","155.03","","0.61%"
"01/27/2013","156.08","158.64","158.86","155.27","","-1.61%"
"01/20/2013","158.63","156.42","158.64","156.31","","1.40%"
"01/13/2013","156.44","154.90","156.53","154.40","","0.98%"
"01/06/2013","154.92","153.52","155.22","153.18","","0.84%"
"12/30/2012","153.63","149.20","153.73","148.96","144.69M","2.88%"
"12/23/2012","149.33","150.96","151.73","148.90","83.78M","-1.05%"
"12/16/2012","150.92","147.47","151.60","147.46","213.24M","2.42%"
"12/09/2012","147.35","148.35","149.35","146.71","161.10M","-0.75%"
"12/02/2012","148.46","146.56","148.49","145.32","196.66M","1.45%"
"11/25/2012","146.34","146.20","147.20","143.80","238.57M","0.01%"
"11/18/2012","146.33","143.23","146.34","143.23","112.05M","2.40%"
"11/11/2012","142.90","145.91","146.46","141.02","182.69M","-2.00%"
"11/04/2012","145.81","148.29","148.80","145.36","191.11M","-1.75%"
"10/28/2012","148.41","145.89","149.48","145.89","140.83M","1.73%"
"10/21/2012","145.89","149.30","149.42","144.98","179.67M","-2.34%"
"10/14/2012","149.38","146.94","151.38","146.57","199.05M","1.76%"
"10/07/2012","146.80","147.90","148.37","146.66","155.39M","-0.88%"
"09/30/2012","148.11","147.37","149.04","145.07","188.24M","0.60%"
"09/23/2012","147.22","148.79","149.90","146.42","218.70M","-1.37%"
"09/16/2012","149.26","154.10","154.89","148.77","261.61M","-3.13%"
"09/09/2012","154.09","151.21","155.72","149.61","215.09M","1.84%"
"09/02/2012","151.30","149.14","151.65","147.99","136.93M","1.45%"
"08/26/2012","149.14","148.01","149.26","147.48","136.06M","0.79%"
"08/19/2012","147.97","149.18","149.31","146.88","149.61M","-0.82%"
"08/12/2012","149.20","147.52","149.24","146.90","142.42M","1.12%"
"08/05/2012","147.55","151.65","152.39","147.02","169.11M","-2.69%"
"07/29/2012","151.63","150.38","152.41","148.64","197.33M","0.82%"
"07/22/2012","150.39","147.46","151.22","145.81","214.07M","1.35%"
"07/15/2012","148.39","149.51","151.88","147.92","208.26M","-0.93%"
"07/08/2012","149.78","147.88","149.78","145.49","179.85M","1.28%"
"07/01/2012","147.89","146.70","149.18","146.11","110.31M","0.82%"
"06/24/2012","146.68","140.88","146.68","139.23","180.56M","4.09%"
"06/17/2012","140.91","141.83","144.42","140.08","219.75M","-0.67%"
"06/10/2012","141.86","141.98","142.02","137.61","208.07M","0.48%"
"06/03/2012","141.18","135.14","141.37","133.39","202.92M","4.48%"
"05/27/2012","135.13","139.27","141.43","134.97","178.91M","-2.95%"
"05/20/2012","139.24","135.59","140.63","135.59","180.13M","2.71%"
"05/13/2012","135.57","145.19","145.19","135.26","220.59M","-6.63%"
"05/06/2012","145.20","144.36","146.08","143.47","182.23M","0.58%"
"04/29/2012","144.36","145.64","147.80","144.04","196.09M","-0.89%"
"04/22/2012","145.65","142.23","145.88","139.48","205.56M","2.35%"
"04/15/2012","142.30","138.52","142.88","138.52","178.04M","2.74%"
"04/08/2012","138.51","139.95","139.95","135.49","187.30M","-1.04%"
"04/01/2012","139.97","142.08","143.07","139.53","151.83M","-1.49%"
"03/25/2012","142.09","140.61","142.27","139.22","193.04M","1.44%"
"03/18/2012","140.07","140.79","142.52","138.78","188.59M","-0.55%"
"03/11/2012","140.85","136.52","140.91","136.51","250.77M","3.21%"
"03/04/2012","136.47","136.64","137.52","134.73","223.26M","-0.12%"
"02/26/2012","136.64","137.48","137.62","135.45","198.06M","-0.62%"
"02/19/2012","137.49","138.53","138.53","135.47","180.29M","-0.75%"
"02/12/2012","138.53","138.00","139.89","136.70","205.45M","0.28%"
"02/05/2012","138.15","141.02","141.02","137.73","191.28M","-2.04%"
"01/29/2012","141.03","138.58","141.03","136.46","242.93M","1.75%"
"01/22/2012","138.60","134.40","139.20","133.87","238.56M","3.13%"
"01/15/2012","134.40","131.65","134.41","131.65","183.41M","2.10%"
"01/08/2012","131.63","129.31","132.19","128.73","221.47M","1.79%"
"01/01/2012","129.31","130.18","133.61","128.07","198.16M","-0.65%"
"12/25/2011","130.15","130.61","132.10","129.49","108.54M","-0.35%"
"12/18/2011","130.61","124.79","130.62","123.19","172.61M","4.71%"
"12/11/2011","124.73","125.21","126.27","120.57","209.37M","-0.46%"
"12/04/2011","125.31","123.60","125.94","122.34","202.07M","1.40%"
"11/27/2011","123.58","117.05","125.81","117.05","224.14M","5.81%"
"11/20/2011","116.79","123.03","123.03","115.77","139.59M","-5.12%"
"11/13/2011","123.09","127.69","127.69","121.40","215.62M","-3.75%"
"11/06/2011","127.88","128.58","130.66","123.75","243.26M","-0.54%"
"10/30/2011","128.58","132.47","133.00","126.18","315.34M","-2.99%"
"10/23/2011","132.54","123.46","132.58","123.26","298.18M","7.35%"
"10/16/2011","123.47","119.15","123.47","115.81","277.13M","3.61%"
"10/09/2011","119.17","111.78","119.39","111.78","246.12M","6.70%"
"10/02/2011","111.69","113.18","115.73","105.78","339.03M","-1.38%"
"09/25/2011","113.25","115.52","120.14","113.24","278.63M","-1.96%"
"09/18/2011","115.51","126.37","126.37","112.83","291.67M","-8.62%"
"09/11/2011","126.40","121.33","126.44","119.25","289.94M","4.02%"
"09/04/2011","121.52","122.10","127.31","119.39","215.04M","-0.60%"
"08/28/2011","122.25","121.34","127.45","121.34","249.65M","0.87%"
"08/21/2011","121.20","116.80","123.49","115.42","293.88M","3.87%"
"08/14/2011","116.68","120.84","126.26","116.53","325.26M","-3.55%"
"08/07/2011","120.97","118.68","123.26","108.84","534.05M","1.72%"
"07/31/2011","118.93","134.70","135.30","117.32","379.03M","-11.69%"
"07/24/2011","134.67","139.83","139.83","132.34","232.67M","-3.70%"
"07/17/2011","139.85","135.75","140.10","133.52","195.54M","3.01%"
"07/10/2011","135.77","139.01","139.01","133.76","210.93M","-2.34%"
"07/03/2011","139.03","136.53","139.90","135.71","154.69M","1.82%"
"06/26/2011","136.55","129.86","136.74","129.86","214.33M","5.15%"
"06/19/2011","129.86","130.83","134.10","128.73","239.67M","-0.74%"
"06/12/2011","130.83","128.32","131.28","127.53","251.17M","1.89%"
"06/05/2011","128.40","133.56","134.72","128.22","226.54M","-3.85%"
"05/29/2011","133.54","135.60","137.89","131.61","218.60M","-1.50%"
"05/22/2011","135.58","134.24","135.99","132.13","177.31M","0.98%"
"05/15/2011","134.27","133.68","136.49","133.21","171.20M","0.43%"
"05/08/2011","133.69","134.36","137.27","133.59","194.48M","-0.50%"
"05/01/2011","134.36","137.14","138.18","134.00","207.81M","-1.99%"
"04/24/2011","137.09","133.89","138.73","133.40","208.99M","2.39%"
"04/17/2011","133.89","131.81","133.90","129.76","153.81M","1.55%"
"04/10/2011","131.85","128.91","131.92","127.87","207.98M","2.28%"
"04/03/2011","128.91","131.68","132.16","128.68","178.88M","-2.08%"
"03/27/2011","131.65","128.28","132.43","127.12","192.68M","2.64%"
"03/20/2011","128.27","128.01","130.21","126.11","214.49M","0.23%"
"03/13/2011","127.98","129.82","129.82","124.90","261.85M","-1.43%"
"03/06/2011","129.84","128.28","130.12","126.60","208.83M","1.23%"
"02/27/2011","128.26","130.20","132.86","127.27","268.00M","-1.48%"
"02/20/2011","130.19","131.27","131.29","126.67","181.88M","-0.84%"
"02/13/2011","131.29","131.05","131.80","129.60","203.40M","0.36%"
"02/06/2011","130.82","127.44","130.94","127.02","223.81M","2.69%"
"01/30/2011","127.39","125.06","128.46","125.06","268.34M","1.87%"
"01/23/2011","125.05","123.54","127.84","123.04","272.53M","1.22%"
"01/16/2011","123.54","122.86","123.92","121.87","171.12M","0.54%"
"01/09/2011","122.88","120.39","122.88","119.15","212.82M","2.06%"
"01/02/2011","120.40","120.63","123.42","119.27","244.66M","-0.15%"
"12/26/2010","120.58","118.83","121.51","118.39","115.06M","1.46%"
"12/19/2010","118.84","115.69","120.05","115.69","151.19M","2.72%"
"12/12/2010","115.69","116.89","118.29","113.98","276.89M","-1.09%"
"12/05/2010","116.96","117.75","119.73","115.77","218.76M","-1.13%"
"11/28/2010","118.30","114.65","118.47","113.31","276.83M","2.67%"
"11/21/2010","115.22","114.16","116.10","113.22","134.68M","0.69%"
"11/14/2010","114.43","116.72","118.00","111.06","243.84M","-1.94%"
"11/07/2010","116.69","122.69","122.69","116.00","269.64M","-4.96%"
"10/31/2010","122.78","116.16","123.44","116.16","273.33M","5.71%"
"10/24/2010","116.15","118.12","119.09","114.75","323.21M","-1.65%"
"10/17/2010","118.10","116.57","119.84","115.80","241.24M","1.31%"
"10/10/2010","116.57","114.82","118.23","114.10","229.86M","1.52%"
"10/03/2010","114.82","112.30","115.37","111.57","262.33M","2.24%"
"09/26/2010","112.30","114.13","114.13","110.73","226.26M","-1.60%"
"09/19/2010","114.13","114.35","117.40","110.64","235.44M","-0.17%"
"09/12/2010","114.33","112.63","115.18","112.63","156.77M","1.47%"
"09/05/2010","112.67","114.76","114.76","111.56","129.32M","-1.84%"
"08/29/2010","114.78","107.99","114.94","106.27","240.43M","6.27%"
"08/22/2010","108.01","106.46","108.19","103.80","208.18M","1.47%"
"08/15/2010","106.45","106.73","110.28","105.53","186.73M","-0.27%"
"08/08/2010","106.74","110.43","112.04","106.34","207.04M","-3.39%"
"08/01/2010","110.49","108.95","113.12","108.90","221.67M","1.45%"
"07/25/2010","108.91","107.30","110.83","106.58","274.60M","1.50%"
"07/18/2010","107.30","100.68","107.36","99.58","313.75M","6.66%"
"07/11/2010","100.60","101.96","105.17","99.97","270.84M","-1.35%"
"07/04/2010","101.98","96.34","102.00","93.62","257.30M","6.03%"
"06/27/2010","96.18","104.70","104.89","95.84","322.26M","-8.19%"
"06/20/2010","104.76","107.71","109.59","101.51","304.06M","-2.72%"
"06/13/2010","107.69","105.12","108.86","105.12","269.94M","2.48%"
"06/06/2010","105.08","97.78","105.23","95.24","308.74M","7.48%"
"05/30/2010","97.77","103.66","104.72","97.50","257.71M","-5.70%"
"05/23/2010","103.68","101.71","106.11","95.49","329.95M","1.93%"
"05/16/2010","101.72","106.13","108.23","96.52","399.36M","-4.12%"
"05/09/2010","106.09","103.41","112.24","103.41","338.00M","2.78%"
"05/02/2010","103.22","109.73","114.47","98.41","398.71M","-5.90%"
"04/25/2010","109.69","110.59","113.92","107.63","299.62M","-0.80%"
"04/18/2010","110.57","102.78","110.72","102.03","273.70M","7.56%"
"04/11/2010","102.80","106.88","109.17","102.75","267.30M","-3.82%"
"04/04/2010","106.88","103.60","107.94","103.60","239.33M","3.18%"
"03/28/2010","103.59","103.88","104.67","102.87","182.64M","-0.38%"
"03/21/2010","103.98","102.46","106.23","101.81","248.34M","1.47%"
"03/14/2010","102.47","100.10","104.54","98.78","247.57M","2.37%"
"03/07/2010","100.10","96.52","100.63","96.47","222.75M","3.71%"
"02/28/2010","96.52","93.03","96.72","93.03","209.69M","3.78%"
"02/21/2010","93.00","92.73","93.94","90.99","234.87M","0.31%"
"02/14/2010","92.71","87.49","93.05","87.49","217.44M","6.09%"
"02/07/2010","87.39","88.35","88.64","84.74","269.14M","-1.08%"
"01/31/2010","88.34","88.20","91.98","85.61","345.69M","0.24%"
"01/24/2010","88.13","88.31","90.07","87.00","273.91M","-0.08%"
"01/17/2010","88.20","92.98","95.04","87.99","245.85M","-5.12%"
"01/10/2010","92.96","93.76","94.61","91.99","231.20M","-0.81%"
"01/03/2010","93.72","94.24","95.63","92.71","244.86M","-0.49%"
"12/27/2009","94.18","97.71","99.00","94.18","126.53M","-3.55%"
"12/20/2009","97.65","92.44","97.67","92.44","128.86M","5.66%"
"12/13/2009","92.42","91.44","93.08","90.66","285.46M","1.01%"
"12/06/2009","91.50","92.87","92.87","89.70","284.47M","-1.50%"
"11/29/2009","92.89","85.02","93.59","84.97","328.87M","9.28%"
"11/22/2009","85.00","87.80","90.05","85.00","157.12M","-2.95%"
"11/15/2009","87.58","87.88","90.96","87.28","286.42M","-0.24%"
"11/08/2009","87.79","82.44","88.23","82.44","303.15M","6.76%"
"11/01/2009","82.23","82.63","85.43","80.70","374.42M","-0.46%"
"10/25/2009","82.61","85.55","87.88","80.04","423.61M","-3.41%"
"10/18/2009","85.53","84.84","87.04","83.09","311.69M","0.86%"
"10/11/2009","84.80","85.66","88.37","83.88","270.20M","-0.97%"
"10/04/2009","85.63","80.86","85.67","80.86","254.93M","6.00%"
"09/27/2009","80.78","84.39","89.03","79.95","380.60M","-4.30%"
"09/20/2009","84.41","89.77","91.23","83.24","355.64M","-6.13%"
"09/13/2009","89.92","82.10","92.52","81.03","434.19M","9.47%"
"09/06/2009","82.14","76.82","83.21","76.82","264.53M","7.09%"
"08/30/2009","76.70","80.98","80.98","73.85","372.04M","-5.39%"
"08/23/2009","81.07","79.49","81.37","78.20","308.40M","2.09%"
"08/16/2009","79.41","78.60","80.90","73.58","324.93M","0.77%"
"08/09/2009","78.80","83.38","83.38","77.00","323.98M","-5.56%"
"08/02/2009","83.44","71.96","84.66","71.96","499.92M","16.02%"
"07/26/2009","71.92","69.34","73.13","68.45","341.89M","3.75%"
"07/19/2009","69.32","63.63","69.65","63.63","347.45M","8.94%"
"07/12/2009","63.63","59.42","65.89","58.99","376.92M","7.10%"
"07/05/2009","59.41","61.67","63.86","57.90","393.97M","-3.51%"
"06/28/2009","61.57","64.69","66.18","61.57","226.31M","-4.79%"
"06/21/2009","64.67","64.82","65.00","60.85","370.72M","-0.34%"
"06/14/2009","64.89","70.01","70.01","62.99","399.24M","-7.43%"
"06/07/2009","70.10","70.38","71.45","67.52","356.35M","-0.45%"
"05/31/2009","70.42","68.75","73.45","68.49","473.06M","2.56%"
"05/24/2009","68.66","63.47","68.66","62.92","409.78M","8.26%"
"05/17/2009","63.42","61.65","68.53","61.65","455.67M","2.99%"
"05/10/2009","61.58","70.25","70.25","60.48","538.23M","-12.49%"
"05/03/2009","70.37","63.99","70.45","63.99","724.34M","10.13%"
"04/26/2009","63.90","66.90","68.53","60.58","651.74M","-4.70%"
"04/19/2009","67.05","64.07","68.60","55.16","845.65M","4.62%"
"04/12/2009","64.09","60.26","66.11","54.83","769.45M","6.27%"
"04/05/2009","60.31","57.74","60.49","51.04","685.93M","4.51%"
"03/29/2009","57.71","49.14","57.85","45.42","815.32M","17.15%"
"03/22/2009","49.26","46.86","55.04","46.67","806.94M","5.53%"
"03/15/2009","46.68","52.12","55.03","46.68","719.28M","-10.49%"
"03/08/2009","52.15","42.95","54.08","41.86","741.95M","21.42%"
"03/01/2009","42.95","48.56","48.56","40.47","732.91M","-11.59%"
"02/22/2009","48.58","53.44","54.56","48.34","655.24M","-9.04%"
"02/15/2009","53.41","55.28","55.28","48.58","476.68M","-3.71%"
"02/08/2009","55.47","65.10","66.17","55.45","551.62M","-14.98%"
"02/01/2009","65.24","63.21","65.64","58.81","465.55M","3.20%"
"01/25/2009","63.22","65.31","71.77","62.02","460.49M","-3.16%"
"01/18/2009","65.28","69.27","69.27","60.57","424.43M","-5.87%"
"01/11/2009","69.35","70.69","70.69","61.23","459.85M","-1.74%"
"01/04/2009","70.58","76.08","79.21","70.18","407.39M","-7.17%"
"12/28/2008","76.03","75.19","78.42","69.79","256.99M","0.96%"
"12/21/2008","75.31","76.61","76.61","70.74","276.25M","-1.66%"
"12/14/2008","76.58","72.84","83.79","67.37","539.30M","5.03%"
"12/07/2008","72.91","73.03","79.42","64.24","623.07M","0.40%"
"11/30/2008","72.62","68.88","72.90","55.43","631.59M","5.46%"
"11/23/2008","68.86","56.98","71.75","56.61","458.17M","21.19%"
"11/16/2008","56.82","69.24","69.93","49.28","619.22M","-18.01%"
"11/09/2008","69.30","85.84","86.17","66.70","618.27M","-19.20%"
"11/02/2008","85.77","92.68","95.82","79.06","384.72M","-7.51%"
"10/26/2008","92.73","76.78","93.10","72.80","437.85M","20.43%"
"10/19/2008","77.00","94.23","96.04","74.43","423.29M","-18.25%"
"10/12/2008","94.19","108.37","113.97","86.45","426.12M","-13.08%"
"10/05/2008","108.36","117.31","117.31","88.88","586.09M","-7.79%"
"09/28/2008","117.52","138.73","138.73","117.43","325.05M","-15.51%"
"09/21/2008","139.09","146.82","146.82","130.50","255.65M","-5.40%"
"09/14/2008","147.03","142.83","147.74","122.85","567.19M","2.78%"
"09/07/2008","143.05","139.55","145.99","136.12","302.42M","2.89%"
"08/31/2008","139.03","139.41","143.27","135.13","172.48M","-0.22%"
"08/24/2008","139.34","138.74","141.32","132.86","171.10M","0.40%"
"08/17/2008","138.79","141.73","142.25","132.89","212.55M","-1.98%"
"08/10/2008","141.60","143.69","148.36","137.51","242.99M","-1.43%"
"08/03/2008","143.65","136.95","144.85","134.37","266.58M","4.93%"
"07/27/2008","136.90","136.31","141.99","132.04","289.40M","0.36%"
"07/20/2008","136.41","136.80","146.48","132.58","273.20M","-0.31%"
"07/13/2008","136.84","129.74","137.36","121.95","332.42M","5.53%"
"07/06/2008","129.67","132.09","138.58","126.73","291.62M","-1.77%"
"06/29/2008","132.00","135.34","137.53","130.86","152.45M","-2.42%"
"06/22/2008","135.27","142.38","144.74","134.48","175.11M","-4.96%"
"06/15/2008","142.33","148.26","150.65","141.78","148.69M","-3.97%"
"06/08/2008","148.22","147.97","150.12","142.62","156.03M","0.16%"
"06/01/2008","147.98","152.32","155.40","147.72","146.47M","-2.91%"
"05/25/2008","152.42","148.26","153.76","148.26","100.04M","2.83%"
"05/18/2008","148.23","157.18","158.98","147.70","128.10M","-5.67%"
"05/11/2008","157.14","149.88","158.31","149.88","113.66M","4.60%"
"05/04/2008","150.23","156.52","157.75","149.62","","-4.13%"
"04/27/2008","156.70","158.11","158.96","151.29","","-0.87%"
"04/20/2008","158.07","153.85","158.50","150.81","","2.70%"
"04/13/2008","153.91","146.28","156.83","145.00","","5.16%"
"04/06/2008","146.36","152.74","154.25","145.78","","-4.14%"
"03/30/2008","152.68","143.92","155.72","143.31","","6.14%"
"03/23/2008","143.85","146.78","150.98","143.55","","-2.00%"
"03/16/2008","146.78","134.17","147.08","130.23","","9.32%"
"03/09/2008","134.27","132.37","140.95","129.24","","1.45%"
"03/02/2008","132.35","134.47","137.65","128.51","","-1.56%"
"02/24/2008","134.45","136.64","142.49","133.98","","-1.63%"
"02/17/2008","136.68","135.38","137.46","131.92","","1.06%"
"02/10/2008","135.25","134.33","138.44","131.48","","0.71%"
"02/03/2008","134.30","147.05","147.05","132.54","","-8.67%"
"01/27/2008","147.05","137.00","147.28","135.10","","7.24%"
"01/20/2008","137.12","125.15","142.78","122.08","","9.35%"
"01/13/2008","125.39","131.47","133.57","123.10","","-4.60%"
"01/06/2008","131.43","130.26","135.26","121.97","","0.87%"
"12/30/2007","130.30","140.40","142.97","130.15","","-7.25%"
"12/23/2007","140.48","143.84","149.55","139.07","","-2.34%"
"12/16/2007","143.84","142.88","144.14","137.03","","0.67%"
"12/09/2007","142.88","155.48","160.75","142.88","","-8.12%"
"12/02/2007","155.51","151.54","158.24","146.22","","2.61%"
"11/25/2007","151.55","146.30","153.12","138.01","","3.60%"
"11/18/2007","146.28","150.83","150.83","140.36","","-3.07%"
"11/11/2007","150.92","151.36","159.44","149.24","","-0.20%"
"11/04/2007","151.22","158.20","158.27","149.49","","-4.48%"
"10/28/2007","158.32","164.62","168.18","156.00","","-3.94%"
"10/21/2007","164.81","159.63","166.47","157.62","","3.19%"
"10/14/2007","159.71","171.82","172.32","159.17","","-7.11%"
"10/07/2007","171.93","176.78","176.78","171.56","","-2.86%"
"09/30/2007","177.00","167.18","177.01","167.12","","5.84%"
"09/23/2007","167.23","165.75","168.95","165.06","","0.92%"
"09/16/2007","165.70","160.07","169.55","158.27","","3.51%"
"09/09/2007","160.08","155.96","160.92","152.78","","2.69%"
"09/02/2007","155.89","160.23","163.97","155.41","","-2.68%"
"08/26/2007","160.19","159.21","161.70","151.27","","0.62%"
"08/19/2007","159.20","155.66","163.10","155.21","","2.26%"
"08/12/2007","155.68","155.79","158.84","144.46","","-0.17%"
"08/05/2007","155.94","151.19","163.70","148.16","","3.44%"
"07/29/2007","150.76","150.69","157.50","148.67","","0.07%"
"07/22/2007","150.66","164.28","165.25","150.66","","-8.37%"
"07/15/2007","164.43","169.31","171.69","163.55","","-2.89%"
"07/08/2007","169.32","170.00","170.16","162.83","","-0.39%"
"07/01/2007","169.99","163.46","171.93","163.46","","3.94%"
"06/24/2007","163.54","164.72","167.39","159.76","","-0.74%"
"06/17/2007","164.76","173.29","173.52","163.66","","-4.99%"
"06/10/2007","173.42","174.55","174.55","168.54","","-0.72%"
"06/03/2007","174.68","182.31","184.32","171.20","","-4.19%"
"05/27/2007","182.31","170.49","184.70","170.49","","6.93%"
"05/20/2007","170.49","169.83","175.10","166.31","","0.39%"
"05/13/2007","169.83","180.93","182.10","168.80","","-6.23%"
"05/06/2007","181.11","179.56","182.02","178.08","","0.86%"
"04/29/2007","179.56","183.83","184.25","177.01","","-2.31%"
"04/22/2007","183.81","183.89","186.68","182.55","","-0.04%"
"04/15/2007","183.89","182.20","185.11","181.27","","0.91%"
"04/08/2007","182.23","184.16","185.67","179.27","","-1.05%"
"04/01/2007","184.16","181.77","185.94","181.30","","1.27%"
"03/25/2007","181.85","185.75","185.92","177.64","","-2.10%"
"03/18/2007","185.75","180.70","187.28","180.69","","2.86%"
"03/11/2007","180.59","184.23","186.15","176.39","","-1.98%"
"03/04/2007","184.23","181.80","184.76","175.23","","1.33%"
"02/25/2007","181.81","194.77","195.76","181.51","","-6.65%"
"02/18/2007","194.77","198.10","200.39","194.37","","-1.68%"
"02/11/2007","198.10","198.02","199.73","192.80","","-0.38%"
"02/04/2007","198.85","196.28","203.41","194.87","","1.43%"
"01/28/2007","196.04","192.81","196.15","192.31","","1.60%"
"01/21/2007","192.95","189.15","194.67","187.19","","2.04%"
"01/14/2007","189.10","183.78","189.10","183.78","","2.92%"
"01/07/2007","183.74","175.40","184.40","174.29","","4.75%"
"12/31/2006","175.41","178.25","179.86","175.06","","-1.58%"
"12/24/2006","178.23","174.39","179.27","174.39","","2.23%"
"12/17/2006","174.35","177.56","179.41","173.93","","-1.72%"
"12/10/2006","177.40","179.41","180.49","177.01","","-1.14%"
"12/03/2006","179.44","179.78","182.61","178.21","","-0.16%"
"11/26/2006","179.72","180.58","181.02","174.32","","-0.50%"
"11/19/2006","180.63","169.79","180.64","169.79","","6.35%"
"11/12/2006","169.84","167.37","170.64","166.87","","1.35%"
"11/05/2006","167.58","165.36","167.71","163.69","","1.42%"
"10/29/2006","165.24","171.30","173.11","163.63","","-3.50%"
"10/22/2006","171.24","169.76","172.17","168.78","","0.84%"
"10/15/2006","169.82","168.44","170.60","168.23","","0.81%"
"10/08/2006","168.46","164.53","168.63","163.07","","2.38%"
"10/01/2006","164.54","160.57","166.12","159.06","","2.42%"
"09/24/2006","160.65","160.02","161.65","158.79","","0.39%"
"09/17/2006","160.02","161.19","162.30","158.32","","-0.64%"
"09/10/2006","161.05","156.43","161.44","155.50","","2.92%"
"09/03/2006","156.48","155.46","157.01","153.90","","0.65%"
"08/27/2006","155.47","154.16","156.68","153.95","","0.85%"
"08/20/2006","154.16","152.86","155.22","152.54","","0.89%"
"08/13/2006","152.80","148.81","152.89","148.81","","2.45%"
"08/06/2006","149.15","155.30","155.30","148.42","","-4.03%"
"07/30/2006","155.42","154.51","156.03","151.35","","0.59%"
"07/23/2006","154.51","147.87","154.51","147.87","","4.50%"
"07/16/2006","147.85","146.61","152.06","146.04","","0.81%"
"07/09/2006","146.66","148.31","151.09","146.52","","-1.11%"
"07/02/2006","148.31","146.39","149.76","146.39","","1.31%"
"06/25/2006","146.39","141.88","147.45","141.87","","3.21%"
"06/18/2006","141.84","143.84","144.41","141.34","","-1.38%"
"06/11/2006","143.83","145.43","145.43","141.05","","-1.09%"
"06/04/2006","145.42","144.45","147.65","142.44","","0.67%"
"05/28/2006","144.45","141.17","144.93","137.72","","2.32%"
"05/21/2006","141.17","137.50","141.18","134.37","","2.65%"
"05/14/2006","137.53","140.00","143.03","135.92","","-1.85%"
"05/07/2006","140.12","144.33","146.42","138.72","","-2.94%"
"04/30/2006","144.37","142.99","145.17","138.48","","0.96%"
"04/23/2006","143.00","144.12","144.12","140.79","","-0.77%"
"04/16/2006","144.11","138.54","144.97","137.90","","3.99%"
"04/09/2006","138.58","142.40","142.73","138.32","","-2.73%"
"04/02/2006","142.47","148.50","149.20","142.47","","-4.04%"
"03/26/2006","148.47","148.05","151.37","146.22","","0.28%"
"03/19/2006","148.06","152.65","152.67","147.34","","-3.04%"
"03/12/2006","152.71","146.92","152.86","144.94","","3.95%"
"03/05/2006","146.91","143.01","147.28","142.72","","2.78%"
"02/26/2006","142.94","143.46","144.11","142.04","","-0.38%"
"02/19/2006","143.49","141.93","144.89","141.68","","1.09%"
"02/12/2006","141.94","137.89","141.98","136.75","","2.93%"
"02/05/2006","137.90","137.87","138.94","135.86","","0.02%"
"01/29/2006","137.87","141.19","141.70","136.63","","-2.34%"
"01/22/2006","141.18","135.92","141.89","135.92","","3.91%"
"01/15/2006","135.87","136.35","138.16","135.24","","-0.48%"
"01/08/2006","136.53","137.28","140.00","136.27","","-0.46%"
"01/01/2006","137.16","130.33","137.16","129.80","","5.24%"
"12/25/2005","130.33","132.55","133.72","130.29","","-1.67%"
"12/18/2005","132.55","131.60","132.88","129.53","","0.71%"
"12/11/2005","131.61","132.77","133.59","131.25","","-0.93%"
"12/04/2005","132.84","134.22","134.22","131.04","","-1.11%"
"11/27/2005","134.33","135.13","135.41","132.81","","-0.64%"
"11/20/2005","135.20","131.64","135.26","130.97","","2.70%"
"11/13/2005","131.65","130.40","131.81","128.98","","0.96%"
"11/06/2005","130.40","120.09","130.40","119.73","","5.48%"
"10/30/2005","123.62","126.90","128.19","122.38","","-2.58%"
"10/23/2005","126.90","122.84","126.95","122.59","","3.34%"
"10/16/2005","122.80","122.49","123.95","120.51","","0.26%"
"10/09/2005","122.48","124.40","124.40","118.38","","-1.55%"
"10/02/2005","124.41","130.12","131.09","123.43","","-4.41%"
"09/25/2005","130.15","128.01","130.85","126.06","","1.64%"
"09/18/2005","128.05","132.63","132.74","126.20","","-3.45%"
"09/11/2005","132.63","133.66","133.66","131.40","","-0.78%"
"09/04/2005","133.67","131.42","134.47","131.42","","1.76%"
"08/28/2005","131.36","127.94","133.41","126.60","","2.64%"
"08/21/2005","127.98","127.81","130.01","127.74","","0.13%"
"08/14/2005","127.81","129.50","131.60","127.63","","-1.33%"
"08/07/2005","129.53","130.47","130.57","124.73","","-0.73%"
"07/31/2005","130.48","138.37","139.05","129.37","","-5.70%"
"07/24/2005","138.36","133.89","139.41","133.46","","3.35%"
"07/17/2005","133.88","132.36","135.17","131.95","","1.14%"
"07/10/2005","132.37","131.91","134.71","130.80","","0.40%"
"07/03/2005","131.84","128.14","132.52","127.79","","2.76%"
"06/26/2005","128.30","126.53","128.31","125.80","","1.39%"
"06/19/2005","126.54","129.46","129.98","126.06","","-2.29%"
"06/12/2005","129.51","126.23","129.84","125.67","","2.57%"
"06/05/2005","126.27","124.42","127.57","124.01","","1.52%"
"05/29/2005","124.38","122.17","126.03","122.17","","1.86%"
"05/22/2005","122.11","125.31","125.50","121.31","","-2.56%"
"05/15/2005","125.32","119.62","125.32","119.62","","4.86%"
"05/08/2005","119.51","119.73","122.80","118.95","","-0.18%"
"05/01/2005","119.73","119.16","121.39","117.65","","0.49%"
"04/24/2005","119.15","115.43","119.15","115.43","","3.23%"
"04/17/2005","115.42","114.06","115.69","113.04","","1.19%"
"04/10/2005","114.06","113.54","115.99","113.01","","0.47%"
"04/03/2005","113.53","113.41","114.59","111.90","","0.04%"
"03/27/2005","113.48","112.35","115.52","111.23","","1.01%"
"03/20/2005","112.34","114.92","115.13","110.43","","-2.25%"
"03/13/2005","114.93","114.02","117.56","113.59","","0.82%"
"03/06/2005","113.99","119.10","120.62","113.99","","-4.27%"
"02/27/2005","119.08","116.85","119.28","114.76","","1.86%"
"02/20/2005","116.91","116.77","116.94","113.66","","0.12%"
"02/13/2005","116.77","117.52","117.96","115.81","","-0.66%"
"02/06/2005","117.55","115.13","117.61","114.78","","2.13%"
"01/30/2005","115.10","111.29","115.29","109.21","","3.51%"
"01/23/2005","111.20","115.51","116.19","110.35","","-3.73%"
"01/16/2005","115.51","114.63","117.43","113.79","","0.78%"
"01/09/2005","114.62","115.03","115.43","111.25","","-0.36%"
"01/02/2005","115.03","121.41","122.19","113.18","","-5.25%"
"12/26/2004","121.40","120.50","122.75","119.55","","0.71%"
"12/19/2004","120.54","120.10","122.28","119.14","","0.37%"
"12/12/2004","120.10","121.11","121.17","117.84","","-0.83%"
"12/05/2004","121.11","118.93","121.28","117.72","","1.86%"
"11/28/2004","118.90","115.67","118.90","114.21","","2.79%"
"11/21/2004","115.67","112.56","116.66","112.29","","2.71%"
"11/14/2004","112.62","117.13","118.33","112.45","","-3.92%"
"11/07/2004","117.22","111.76","117.28","111.60","","4.89%"
"10/31/2004","111.75","112.70","115.40","111.61","","-0.81%"
"10/24/2004","112.66","110.27","113.31","109.16","","2.06%"
"10/17/2004","110.39","110.52","112.56","108.09","","-0.11%"
"10/10/2004","110.51","109.32","110.88","107.94","","1.79%"
"10/03/2004","108.57","107.87","109.15","107.58","","0.65%"
"09/26/2004","107.87","104.93","108.47","104.20","","2.80%"
"09/19/2004","104.93","106.67","106.67","104.28","","-1.63%"
"09/12/2004","106.67","107.52","107.52","104.43","","-0.79%"
"09/05/2004","107.52","109.69","110.66","106.44","","-1.92%"
"08/29/2004","109.62","107.28","109.62","107.07","","2.21%"
"08/22/2004","107.25","104.76","107.64","104.39","","2.36%"
"08/15/2004","104.78","100.87","104.78","100.86","","3.80%"
"08/08/2004","100.94","101.18","102.58","100.31","","-0.30%"
"08/01/2004","101.24","100.09","103.71","100.00","","1.16%"
"07/25/2004","100.08","99.04","100.93","97.08","","1.02%"
"07/18/2004","99.07","102.98","103.94","99.07","","-3.72%"
"07/11/2004","102.90","101.89","104.19","101.40","","1.04%"
"07/04/2004","101.84","102.99","103.61","100.97","","-1.12%"
"06/27/2004","102.99","102.57","103.21","99.58","","0.41%"
"06/20/2004","102.57","99.70","102.57","99.36","","2.81%"
"06/13/2004","99.77","99.12","100.08","96.84","","0.66%"
"06/06/2004","99.12","99.12","100.19","98.57","","0.09%"
"05/30/2004","99.03","99.42","100.34","96.89","","-0.39%"
"05/23/2004","99.42","94.32","99.60","94.32","","5.42%"
"05/16/2004","94.31","91.94","96.45","90.71","","2.58%"
"05/09/2004","91.94","90.79","92.80","87.98","","1.26%"
"05/02/2004","90.80","93.02","96.34","90.78","","-2.40%"
"04/25/2004","93.03","94.29","96.12","92.39","","-1.32%"
"04/18/2004","94.27","96.66","97.48","92.84","","-2.51%"
"04/11/2004","96.70","99.75","99.81","92.58","","-3.07%"
"04/04/2004","99.76","106.05","106.05","99.28","","-7.02%"
"03/28/2004","107.29","106.02","108.27","105.54","","0.86%"
"03/21/2004","106.38","106.95","107.93","105.94","","-0.55%"
"03/14/2004","106.97","105.09","107.60","104.56","","1.80%"
"03/07/2004","105.08","107.76","108.04","103.82","","-2.53%"
"02/29/2004","107.81","103.59","107.96","103.59","","4.07%"
"02/22/2004","103.59","102.12","103.60","101.65","","1.49%"
"02/15/2004","102.07","101.90","102.77","101.79","","0.29%"
"02/08/2004","101.77","103.96","104.76","101.42","","-2.16%"
"02/01/2004","104.02","103.14","107.51","101.40","","0.90%"
"01/25/2004","103.09","99.63","103.47","99.57","","3.48%"
"01/18/2004","99.62","99.13","100.19","98.43","","0.58%"
"01/11/2004","99.05","99.66","100.54","98.60","","-0.42%"
"01/04/2004","99.47","99.56","100.52","99.08","","0.08%"
"12/28/2003","99.39","99.52","100.87","98.92","","0.00%"
"12/21/2003","99.39","99.10","99.78","98.86","","0.22%"
"12/14/2003","99.17","99.23","99.41","97.46","","0.30%"
"12/07/2003","98.87","97.27","98.99","97.27","","1.63%"
"11/30/2003","97.28","96.94","98.21","96.94","","0.50%"
"11/23/2003","96.80","94.73","97.68","94.64","","2.57%"
"11/16/2003","94.37","97.45","97.45","93.93","","-3.18%"
"11/09/2003","97.47","96.75","97.91","95.30","","0.58%"
"11/02/2003","96.91","96.96","97.86","95.27","","0.00%"
"10/26/2003","96.91","95.31","97.69","93.82","","1.77%"
"10/19/2003","95.22","98.62","99.43","94.47","","-3.28%"
"10/12/2003","98.45","99.50","100.26","98.45","","-0.97%"
"10/05/2003","99.41","98.17","100.04","98.10","","1.31%"
"09/28/2003","98.12","94.34","99.00","93.95","","4.06%"
"09/21/2003","94.29","95.38","96.17","93.76","","-1.20%"
"09/14/2003","95.44","95.11","95.56","93.59","","0.20%"
"09/07/2003","95.25","95.32","96.06","93.99","","-0.02%"
"08/31/2003","95.27","94.68","96.22","94.19","","0.91%"
"08/24/2003","94.41","92.85","94.49","91.26","","1.77%"
"08/17/2003","92.77","92.73","94.49","92.72","","0.10%"
"08/10/2003","92.68","93.66","94.31","92.07","","-1.09%"
"08/03/2003","93.70","93.52","94.27","92.09","","0.12%"
"07/27/2003","93.59","92.72","94.33","91.68","24.04M","0.94%"
"07/20/2003","92.72","91.35","92.76","90.62","17.15M","1.42%"
"07/13/2003","91.42","91.33","92.17","89.87","16.59M","0.41%"
"07/06/2003","91.05","90.78","92.23","89.72","14.63M","0.39%"
"06/29/2003","90.70","88.90","90.81","87.56","14.52M","2.16%"
"06/22/2003","88.78","87.83","89.30","86.98","17.53M","0.45%"
"06/15/2003","88.38","89.41","90.33","87.92","22.29M","-1.10%"
"06/08/2003","89.36","90.70","91.67","89.10","14.77M","-1.68%"
"06/01/2003","90.89","88.67","91.27","87.71","19.93M","2.70%"
"05/25/2003","88.50","89.76","90.18","85.50","21.65M","-1.44%"
"05/18/2003","89.79","88.64","90.07","87.73","16.14M","1.17%"
"05/11/2003","88.75","89.91","90.46","87.93","19.19M","-1.29%"
"05/04/2003","89.91","87.22","89.96","86.79","18.51M","3.10%"
"04/27/2003","87.21","86.50","87.60","84.77","20.83M","0.79%"
"04/20/2003","86.53","86.75","88.54","86.08","17.58M","-0.13%"
"04/13/2003","86.64","83.87","86.80","83.87","14.93M","3.30%"
"04/06/2003","83.87","84.48","86.36","83.62","15.82M","-0.62%"
"03/30/2003","84.39","83.14","85.68","82.05","20.85M","1.30%"
"03/23/2003","83.31","85.16","85.17","82.61","17.90M","-2.39%"
"03/16/2003","85.35","80.12","85.62","79.87","25.34M","6.59%"
"03/09/2003","80.07","79.90","80.73","78.34","18.93M","0.21%"
"03/02/2003","79.90","81.08","81.63","79.35","14.72M","-1.31%"
"02/23/2003","80.96","80.58","81.95","79.54","14.68M","0.38%"
"02/16/2003","80.65","78.81","80.94","78.76","9.18M","2.70%"
"02/09/2003","78.53","79.48","80.40","77.67","13.49M","-0.80%"
"02/02/2003","79.16","79.34","80.44","78.13","16.10M","-0.24%"
"01/26/2003","79.35","78.13","79.46","77.33","16.23M","1.26%"
"01/19/2003","78.36","79.99","80.46","78.36","13.38M","-1.92%"
"01/12/2003","79.89","82.97","83.41","79.77","14.70M","-3.64%"
"01/05/2003","82.91","84.33","85.63","82.91","16.77M","-1.66%"
"12/29/2002","84.31","81.72","84.49","81.61","12.84M","3.33%"
"12/22/2002","81.59","81.58","82.81","81.23","12.12M","0.02%"
"12/15/2002","81.57","82.29","83.38","81.11","17.55M","-0.91%"
"12/08/2002","82.32","83.56","84.15","81.91","16.83M","-1.89%"
"12/01/2002","83.91","85.06","85.45","83.30","16.92M","-1.11%"
"11/24/2002","84.85","84.50","85.22","83.62","11.85M","0.19%"
"11/17/2002","84.69","83.09","84.70","82.17","18.05M","2.10%"
"11/10/2002","82.95","81.89","83.31","80.95","16.20M","1.17%"
"11/03/2002","81.99","80.37","83.24","80.37","13.73M","1.88%"
"10/27/2002","80.48","82.04","82.76","78.45","16.19M","-1.85%"
"10/20/2002","82.00","81.34","82.04","78.26","14.55M","0.81%"
"10/13/2002","81.34","80.11","82.96","78.77","17.50M","1.48%"
"10/06/2002","80.15","80.56","80.89","73.45","34.52M","-0.51%"
"09/29/2002","80.56","83.91","83.96","80.21","24.17M","-3.88%"
"09/22/2002","83.81","87.07","87.09","83.81","20.57M","-3.82%"
"09/15/2002","87.14","89.00","89.44","85.60","16.71M","-2.22%"
"09/08/2002","89.12","89.40","89.96","88.16","12.57M","-0.39%"
"09/01/2002","89.47","90.79","90.79","88.97","11.01M","-1.45%"
"08/25/2002","90.79","89.03","91.46","88.98","14.69M","2.09%"
"08/18/2002","88.93","88.12","89.24","87.11","10.62M","0.83%"
"08/11/2002","88.20","86.39","88.20","84.50","","2.10%"
"08/04/2002","86.39","87.75","88.27","84.92","","-1.14%"
"07/28/2002","87.39","84.50","90.65","84.43","","3.55%"
"07/21/2002","84.39","82.41","84.72","76.19","","2.49%"
"07/14/2002","82.34","88.64","90.67","82.13","","-7.32%"
"07/07/2002","88.84","95.18","95.48","87.43","","-6.34%"
"06/30/2002","94.85","97.62","97.62","93.46","","-2.84%"
"06/23/2002","97.62","96.55","97.62","76.87","","1.02%"
"06/16/2002","96.63","97.12","97.84","95.84","","-0.31%"
"06/09/2002","96.93","95.84","97.62","95.54","","1.27%"
"06/02/2002","95.71","97.26","97.43","94.96","","-1.51%"
"05/26/2002","97.18","97.20","97.81","96.30","","0.00%"
"05/19/2002","97.18","96.47","97.29","95.16","","0.77%"
"05/12/2002","96.44","93.78","96.66","93.77","","2.61%"
"05/05/2002","93.99","96.00","96.31","93.26","","-2.06%"
"04/28/2002","95.97","93.63","96.78","92.72","","2.50%"
"04/21/2002","93.63","96.43","96.43","93.26","","-2.90%"
"04/14/2002","96.43","100.65","100.65","96.43","","-4.35%"
"04/07/2002","100.82","97.97","100.82","97.97","","2.73%"
"03/31/2002","98.14","96.25","98.41","95.69","","1.92%"
"03/24/2002","96.29","97.02","97.41","95.81","","-0.68%"
"03/17/2002","96.95","96.72","97.29","96.00","","-0.14%"
"03/10/2002","97.09","96.81","97.11","95.13","","0.29%"
"03/03/2002","96.81","94.14","97.54","94.06","","2.84%"
"02/24/2002","94.14","93.43","94.17","93.21","","0.73%"
"02/17/2002","93.46","93.33","93.71","91.68","","0.14%"
"02/10/2002","93.33","91.68","93.56","91.38","","1.78%"
"02/03/2002","91.70","92.77","93.43","90.14","","-1.15%"
"01/27/2002","92.77","93.98","94.12","92.15","","-1.29%"
"01/20/2002","93.98","94.90","95.64","93.74","","-0.97%"
"01/13/2002","94.90","96.44","97.25","94.62","","-1.60%"
"01/06/2002","96.44","97.58","97.93","96.17","","-1.17%"
"12/30/2001","97.58","97.15","98.31","97.15","","0.22%"
"12/23/2001","97.37","96.42","97.37","96.42","","1.83%"
"12/16/2001","95.62","96.39","96.39","95.29","","0.25%"
"12/09/2001","95.38","96.91","97.58","94.32","","-2.50%"
"12/02/2001","97.83","95.60","97.83","95.60","","0.95%"
"11/25/2001","96.91","96.55","96.91","95.35","","0.24%"
"11/18/2001","96.68","96.75","96.75","95.12","","0.44%"
"11/11/2001","96.26","94.05","97.53","94.05","","3.43%"
"11/04/2001","93.07","92.72","94.96","92.72","","1.53%"
"10/28/2001","91.67","90.57","94.15","90.57","","3.48%"
"10/21/2001","88.59","91.84","91.84","88.23","","-6.04%"
"10/14/2001","94.28","100.00","100.00","94.28","","-5.23%"